caption,hashtags,image_link
Santa Cruz lowkey Pmo @SantaCruzPaleo #stayhealthy,stayhealthy,https://p16-pu-sign-useast8.tiktokcdn-us.com/tos-useast5-p-0068-tx/osEhIBD5R1fIABDoMFEafQzrmVjEcEUgSZdYBA~tplv-tiktokx-cropcenter:720:960.jpeg?dr=9638&refresh_token=ca8c392d&x-expires=1762714800&x-signature=5nw%2FubJYFeOMQSLEFcB2gHtpEco%3D&t=4d5b0474&ps=13740610&shp=647c64cf&shcp=ec11b53b&idc=useast5
ANSAGE AN ALLE FRISEURE💈🫵🏽😱#barber #friseur #glatze #buzzcut #midfade #haircut #f #fyp #fürdich #fyy #fyyy #ansage #friseure #hair,"barber, friseur, glatze, buzzcut, midfade, haircut, f, fyp, fürdich, fyy, fyyy, ansage, friseure, hair",https://p16-common-sign-no.tiktokcdn-us.com/tos-no1a-p-0037-no/oIRC9FFtA3rfAmCe2ooRAFkLDAEEIAJMD93kEg~tplv-tiktokx-cropcenter:720:960.jpeg?dr=9638&refresh_token=1f60b98a&x-expires=1762714800&x-signature=awmP%2BLYzr%2BQZNniuc2mnT0%2FLius%3D&t=4d5b0474&ps=13740610&shp=647c64cf&shcp=ec11b53b&idc=useast5
#kuwait #fyp #foryoupage #explore,"kuwait, fyp, foryoupage, explore",https://p16-common-sign-sg.tiktokcdn-us.com/tos-alisg-i-photomode-sg/8cad362ef8db450f9483001714849f9c~tplv-tiktokx-cropcenter:720:960.jpeg?dr=9638&refresh_token=a0318043&x-expires=1762714800&x-signature=5GFfANyx5cIdwLap6nhNWg5k82k%3D&t=4d5b0474&ps=13740610&shp=647c64cf&shcp=ec11b53b&idc=useast5
life been chill recently #fyp #fypシ #song #fineshyt #summer,"fyp, fypシ, song, fineshyt, summer",https://p16-pu-sign-useast8.tiktokcdn-us.com/tos-useast8-i-photomode-tx2/83d88b7f9e16421988e63058b63ece27~tplv-tiktokx-cropcenter:720:960.jpeg?dr=9638&refresh_token=e99067ba&x-expires=1762714800&x-signature=%2FF3chZl26fa%2B0QhVZegSJpaGaTI%3D&t=4d5b0474&ps=13740610&shp=647c64cf&shcp=ec11b53b&idc=useast5
CAPTION NOT FOUND,,https://p16-sign.tiktokcdn-us.com/tos-useast5-p-0068-tx/oo9dDfx9EExkQ3fiXBQAFCh3IgrfAkbYBH3N4j~tplv-tiktokx-cropcenter:720:960.jpeg?dr=9638&refresh_token=8e61725c&x-expires=1762714800&x-signature=E2anLqIjfEinnCc%2F78m9RKCpTJY%3D&t=4d5b0474&ps=13740610&shp=647c64cf&shcp=ec11b53b&idc=useast5
seed oil propoganda,,https://p16-sign.tiktokcdn-us.com/tos-useast5-p-0068-tx/oEpBAvlfANj0iBA5EMkaIJZBwibCJvAJOYBoIA~tplv-tiktokx-cropcenter:720:960.jpeg?dr=9638&refresh_token=2bd00a5e&x-expires=1762714800&x-signature=uJAEM7DZtY1trFaHpmaU3lQJ0ko%3D&t=4d5b0474&ps=13740610&shp=647c64cf&shcp=ec11b53b&idc=useast5
"""Sujetador de sábanas, se instala en segundos… ¡y la sábana no se mueve más!#BedHack #HomeHacks #OrganizedLiving #SheetStrugglesNoMore #SleepUpgrade#tiktok#tiktokshop#tiktokmademebuyit#tiktokfood#tiktokfashion#trending #tiktokshop #fypシ゚ #tiktok #tiktokshopping #tts #tiktokmusthaves #tiktokcreator #trendingvideo #showcase#tiktokshopholidaysale#deals#sale#flashsale#tiktokshopholidaydeals#Christmas#Christmasdeals#Christmas2024#Christmasearlydeals #TikTokShopHolidayHaul #spotlightfinds""","BedHack, HomeHacks, OrganizedLiving, SheetStrugglesNoMore, SleepUpgrade, tiktok, tiktokshop, tiktokmademebuyit, tiktokfood, tiktokfashion, trending, tiktokshop, fypシ, tiktok, tiktokshopping, tts, tiktokmusthaves, tiktokcreator, trendingvideo, showcase, tiktokshopholidaysale, deals, sale, flashsale, tiktokshopholidaydeals, Christmas, Christmasdeals, Christmas2024, Christmasearlydeals, TikTokShopHolidayHaul, spotlightfinds",https://p16-pu-sign-useast8.tiktokcdn-us.com/tos-useast5-p-0068-tx/o8ftEhESA79jAICvQAQBLfFhIKHIkKfrEbAaDA~tplv-tiktokx-cropcenter:720:960.jpeg?dr=9638&refresh_token=f29f90dd&x-expires=1762714800&x-signature=o34IeVM4Br5Pex12oXDxNssJwYw%3D&t=4d5b0474&ps=13740610&shp=647c64cf&shcp=ec11b53b&idc=useast5
#bridalera #teethwhitening #bridetobe #flashsale @GuruNanda LLC,"bridalera, teethwhitening, bridetobe, flashsale",https://p16-sign.tiktokcdn-us.com/tos-useast5-p-0068-tx/oYQIfbgADD6DrSSaCuFAgXQERAzwAg8fEACoAX~tplv-tiktokx-cropcenter:720:960.jpeg?dr=9638&refresh_token=7f7228a6&x-expires=1762714800&x-signature=fqv1bOGEOEGwNGo9LrsnK17kITE%3D&t=4d5b0474&ps=13740610&shp=647c64cf&shcp=ec11b53b&idc=useast5
Best way to end back day is a heavy ass set of front pull downs on the machine 💪🏼 @David Protein @Gymshark @KC Beast @fvrgoated @Ronnie Coleman #davidproteinbars #425bench #225,"davidproteinbars, 425bench, 225",https://p16-pu-sign-useast8.tiktokcdn-us.com/tos-useast5-p-0068-tx/oQ9RDXSFivNxAFIS7gsHGfAF1gCe4O1YAfuf89~tplv-tiktokx-cropcenter:720:960.jpeg?dr=9638&refresh_token=f432242a&x-expires=1762714800&x-signature=zrfQNx2MIXGVJToCPlQfx64TOa8%3D&t=4d5b0474&ps=13740610&shp=647c64cf&shcp=ec11b53b&idc=useast5
"The Philosophy Amazing Grace super size shower gel bundle is still on sale! @@QVC, Inchas the very best pricing on Philosophy items! You’re getting two for less than the price of one. Grab a set and keep one for you and give one to mom for Mother’s Day! These smell SO GOOD ##showertok##showergel##philosophy##selfcaretiktok##mothersdaygift","showertok, showergel, philosophy, selfcaretiktok, mothersdaygift",https://p16-pu-sign-useast8.tiktokcdn-us.com/tos-useast8-p-0068-tx2/oIXIef1DoATjDtNIDokEAeCqrIBFIaNYQNUlpE~tplv-tiktokx-cropcenter:720:960.jpeg?dr=9638&refresh_token=3ae8bdf3&x-expires=1762714800&x-signature=pcI%2FQyxd27rs3auZAEHOQM%2BIlhI%3D&t=4d5b0474&ps=13740610&shp=647c64cf&shcp=ec11b53b&idc=useast5
feat. omar’s c63 #fyp #fypppppppppppppp #viral #arab #forever #chicago,"fyp, fypppppppppppppp, viral, arab, forever, chicago",https://p16-pu-sign-useast8.tiktokcdn-us.com/tos-useast8-p-0068-tx2/oMEyfAotxVAOOEQoBPFfECA0PHMA8QIARADiEj~tplv-tiktokx-cropcenter:720:960.jpeg?dr=9638&refresh_token=a2357953&x-expires=1762714800&x-signature=ZGHKK5dTQO%2BRHJRtytlKXjQy0nY%3D&t=4d5b0474&ps=13740610&shp=647c64cf&shcp=ec11b53b&idc=useast5
I need a better gym atp #gym #gymtok,"gym, gymtok",https://p16-common-sign-no.tiktokcdn-us.com/tos-no1a-p-0037-no/o8n4doprE3uMAFOUwBkIVgFxkbfOBUDuEQ3fRn~tplv-tiktokx-cropcenter:720:960.jpeg?dr=9638&refresh_token=b74b7afd&x-expires=1762714800&x-signature=yQ8VXAsYHD7l3%2FLqEKWPMj0lntQ%3D&t=4d5b0474&ps=13740610&shp=647c64cf&shcp=ec11b53b&idc=useast5
