caption,hashtags,sound,duration
#hairstyle #haircut #hair #men #burstfade #taperfade #lowfade #lowfadeenv #fyp,"#hairstyle, #haircut, #hair, #men, #burstfade, #taperfade, #lowfade, #lowfadeenv, #fyp",,0:00
men's hairstyles #haircut #blowouttaper #lowfade #burstfade #taperfade #frenchcrop,"#haircut, #blowouttaper, #lowfade, #burstfade, #taperfade, #frenchcrop",,0:00
men's hairstyles #haircut #burstfade #lowtaper #midfade #lowfade #mullet #frenchcrop,"#haircut, #burstfade, #lowtaper, #midfade, #lowfade, #mullet, #frenchcrop",,0:00
Men’s hairstyle #haircut #midfade #lowfade #burstfade #taperfade #mullet #fyp,"#haircut, #midfade, #lowfade, #burstfade, #taperfade, #mullet, #fyp",,0:00
#mullet #lowfade #lowtaperfade #burstfade #fringe #buzzcut #haircut #fyp,"#mullet, #lowfade, #lowtaperfade, #burstfade, #fringe, #buzzcut, #haircut, #fyp",,0:00
I might get an 8 guard buzz after this one😮‍💨 #sarniabarbers #sarnia #localbarber #midtaper #buzzcut #londonbarbers #torontobarbers #windsorbarbers #windsor #londonontario #fyp #cutzbykeegz,"#sarniabarbers, #sarnia, #localbarber, #midtaper, #buzzcut, #londonbarbers, #torontobarbers, #windsorbarbers, #windsor, #londonontario, #fyp, #cutzbykeegz",,0:00
men's hairstyles #haircut #burstfade #midfade #lowfade #lowtaper #mullet,"#haircut, #burstfade, #midfade, #lowfade, #lowtaper, #mullet",,0:00
men's hairstyles #haircut #burstfade #lowtaper #midfade #fringe #mohawk,"#haircut, #burstfade, #lowtaper, #midfade, #fringe, #mohawk",,0:00
#lowfade #burstfade #taperfade #midtaper #buzzcut #fringe #99hairstyle #hairstyle #haircut #hair #fypシ゚,"#lowfade, #burstfade, #taperfade, #midtaper, #buzzcut, #fringe, #99hairstyle, #hairstyle, #haircut, #hair, #fypシ",,0:00
#lowfade #hairstyle #haircut #boyhairstyle #barber #usa #buzzcut #fringe #burstfade #fyp #foryou #foryoupage #xybca,"#lowfade, #hairstyle, #haircut, #boyhairstyle, #barber, #usa, #buzzcut, #fringe, #burstfade, #fyp, #foryou, #foryoupage, #xybca",,0:00
#buzzcut #lowtaperfade #burstfade #mullet #lowfade #taperfade #haircut #fyp,"#buzzcut, #lowtaperfade, #burstfade, #mullet, #lowfade, #taperfade, #haircut, #fyp",,0:00
men's hairstyles #haircut #lowtaper #lowfade #mullet #burstfade #frenchcrop,"#haircut, #lowtaper, #lowfade, #mullet, #burstfade, #frenchcrop",,0:00
"Had to get bro right for his crush‼️ straight flat hair to a low taper textured fluffy fringe😮‍💨 Do you think she will like the cut⁉️ 📍Northampton- Bedford, 🔗 click the link in my bio to book with me! #northamptonbarber #bedfordbarber #miltonkeynesbarber #leicesterbarber #birminghambarber #peterboroughbarber #londonbarber #glowup #transformation #hairtransformation #texturedfringe #texture #fringe #messyhair #fluffyhair #lowtaperfade #lowtaper #curlyhair #straighthair","#northamptonbarber, #bedfordbarber, #miltonkeynesbarber, #leicesterbarber, #birminghambarber, #peterboroughbarber, #londonbarber, #glowup, #transformation, #hairtransformation, #texturedfringe, #texture, #fringe, #messyhair, #fluffyhair, #lowtaperfade, #lowtaper, #curlyhair, #straighthair",,0:00
Men’s hairstyles #haircut #blowouttaper #lowfade #mulletfade #midfade #frenchcrop #burstfade,"#haircut, #blowouttaper, #lowfade, #mulletfade, #midfade, #frenchcrop, #burstfade",,0:00
#buzzcut #burstfade #lowfade #fringe #lowtaperfade #haircut #fyp,"#buzzcut, #burstfade, #lowfade, #fringe, #lowtaperfade, #haircut, #fyp",,0:00
Men’s hairstyles #haircut #midfade #burstfade #lowfade #buzzcut #taperfade #frenchcrop,"#haircut, #midfade, #burstfade, #lowfade, #buzzcut, #taperfade, #frenchcrop",,0:00
#buzzcutxburstfade #frenchcrop #lowfade #taperfade #longtrim #haircut #fyp,"#buzzcutxburstfade, #frenchcrop, #lowfade, #taperfade, #longtrim, #haircut, #fyp",,0:00
#lowfade #quiff #burstfade #midfade #lowtaperfade #haircut #fyp,"#lowfade, #quiff, #burstfade, #midfade, #lowtaperfade, #haircut, #fyp",,0:00
men's hairstyle #hairstyle #lowtaper #burstfade #taperfade #buzzcut #lowmullet #haircut,"#hairstyle, #lowtaper, #burstfade, #taperfade, #buzzcut, #lowmullet, #haircut",,0:00
Men’s hairstyles #haircut #burstfade #midfade #lowfade #lowtaper #mullet,"#haircut, #burstfade, #midfade, #lowfade, #lowtaper, #mullet",,0:00
#haircut #hairstyle #boyhairstyle #barbershop #foryoupagе #lowfade #taperfade #fringe #wolfcut #usa,"#haircut, #hairstyle, #boyhairstyle, #barbershop, #foryoupagе, #lowfade, #taperfade, #fringe, #wolfcut, #usa",,0:00
#buzzcut #lowfade #lowtaperfade #burstfade #mullet #haircut #fyp,"#buzzcut, #lowfade, #lowtaperfade, #burstfade, #mullet, #haircut, #fyp",,0:00
#midfade #lowfade #burstfade #lowtaperfade #fringe #haircut #fyp,"#midfade, #lowfade, #burstfade, #lowtaperfade, #fringe, #haircut, #fyp",,0:00
#lowmullet #lowtaper #buzzcut #lowfadeenv #messyfringe #mohawk #haircut #fyp,"#lowmullet, #lowtaper, #buzzcut, #lowfadeenv, #messyfringe, #mohawk, #haircut, #fyp",,0:00
