caption,hashtags,views,likes
#hairstyle #haircut #hair #men #burstfade #taperfade #lowfade #lowfadeenv #fyp,"#hairstyle, #haircut, #hair, #men, #burstfade, #taperfade, #lowfade, #lowfadeenv, #fyp",8.2M,0
men's hairstyles #haircut #blowouttaper #lowfade #burstfade #taperfade #frenchcrop,"#haircut, #blowouttaper, #lowfade, #burstfade, #taperfade, #frenchcrop",5.5M,0
men's hairstyles #haircut #burstfade #lowtaper #midfade #lowfade #mullet #frenchcrop,"#haircut, #burstfade, #lowtaper, #midfade, #lowfade, #mullet, #frenchcrop",6.3M,0
#mullet #lowfade #lowtaperfade #burstfade #fringe #buzzcut #haircut #fyp,"#mullet, #lowfade, #lowtaperfade, #burstfade, #fringe, #buzzcut, #haircut, #fyp",3.1M,0
I might get an 8 guard buzz after this one😮‍💨 #sarniabarbers #sarnia #localbarber #midtaper #buzzcut #londonbarbers #torontobarbers #windsorbarbers #windsor #londonontario #fyp #cutzbykeegz,"#sarniabarbers, #sarnia, #localbarber, #midtaper, #buzzcut, #londonbarbers, #torontobarbers, #windsorbarbers, #windsor, #londonontario, #fyp, #cutzbykeegz",2.8M,0
men's hairstyles #haircut #burstfade #midfade #lowfade #lowtaper #mullet,"#haircut, #burstfade, #midfade, #lowfade, #lowtaper, #mullet",2.4M,0
men's hairstyles #haircut #burstfade #lowtaper #midfade #fringe #mohawk,"#haircut, #burstfade, #lowtaper, #midfade, #fringe, #mohawk",2.6M,0
#lowfade #hairstyle #haircut #boyhairstyle #barber #usa #buzzcut #fringe #burstfade #fyp #foryou #foryoupage #xybca,"#lowfade, #hairstyle, #haircut, #boyhairstyle, #barber, #usa, #buzzcut, #fringe, #burstfade, #fyp, #foryou, #foryoupage, #xybca",2.1M,0
#buzzcut #lowtaperfade #burstfade #mullet #lowfade #taperfade #haircut #fyp,"#buzzcut, #lowtaperfade, #burstfade, #mullet, #lowfade, #taperfade, #haircut, #fyp",2.3M,0
men's hairstyles #haircut #lowtaper #lowfade #mullet #burstfade #frenchcrop,"#haircut, #lowtaper, #lowfade, #mullet, #burstfade, #frenchcrop",1.6M,0
"Had to get bro right for his crush‼️ straight flat hair to a low taper textured fluffy fringe😮‍💨 Do you think she will like the cut⁉️ 📍Northampton- Bedford, 🔗 click the link in my bio to book with me! #northamptonbarber #bedfordbarber #miltonkeynesbarber #leicesterbarber #birminghambarber #peterboroughbarber #londonbarber #glowup #transformation #hairtransformation #texturedfringe #texture #fringe #messyhair #fluffyhair #lowtaperfade #lowtaper #curlyhair #straighthair","#northamptonbarber, #bedfordbarber, #miltonkeynesbarber, #leicesterbarber, #birminghambarber, #peterboroughbarber, #londonbarber, #glowup, #transformation, #hairtransformation, #texturedfringe, #texture, #fringe, #messyhair, #fluffyhair, #lowtaperfade, #lowtaper, #curlyhair, #straighthair",1.4M,0
Men’s hairstyles #haircut #blowouttaper #lowfade #mulletfade #midfade #frenchcrop #burstfade,"#haircut, #blowouttaper, #lowfade, #mulletfade, #midfade, #frenchcrop, #burstfade",1.8M,0
#buzzcut #burstfade #lowfade #fringe #lowtaperfade #haircut #fyp,"#buzzcut, #burstfade, #lowfade, #fringe, #lowtaperfade, #haircut, #fyp",2M,0
Men’s hairstyles #haircut #midfade #burstfade #lowfade #buzzcut #taperfade #frenchcrop,"#haircut, #midfade, #burstfade, #lowfade, #buzzcut, #taperfade, #frenchcrop",1.5M,0
#buzzcutxburstfade #frenchcrop #lowfade #taperfade #longtrim #haircut #fyp,"#buzzcutxburstfade, #frenchcrop, #lowfade, #taperfade, #longtrim, #haircut, #fyp",1.6M,0
#lowfade #quiff #burstfade #midfade #lowtaperfade #haircut #fyp,"#lowfade, #quiff, #burstfade, #midfade, #lowtaperfade, #haircut, #fyp",1.4M,0
men's hairstyle #hairstyle #lowtaper #burstfade #taperfade #buzzcut #lowmullet #haircut,"#hairstyle, #lowtaper, #burstfade, #taperfade, #buzzcut, #lowmullet, #haircut",1.5M,0
Men’s hairstyles #haircut #burstfade #midfade #lowfade #lowtaper #mullet,"#haircut, #burstfade, #midfade, #lowfade, #lowtaper, #mullet",1.2M,0
#haircut #hairstyle #boyhairstyle #barbershop #foryoupagе #lowfade #taperfade #fringe #wolfcut #usa,"#haircut, #hairstyle, #boyhairstyle, #barbershop, #foryoupagе, #lowfade, #taperfade, #fringe, #wolfcut, #usa",1M,0
#buzzcut #lowfade #lowtaperfade #burstfade #mullet #haircut #fyp,"#buzzcut, #lowfade, #lowtaperfade, #burstfade, #mullet, #haircut, #fyp",926K,0
#midfade #lowfade #burstfade #lowtaperfade #fringe #haircut #fyp,"#midfade, #lowfade, #burstfade, #lowtaperfade, #fringe, #haircut, #fyp",883K,0
#lowmullet #lowtaper #buzzcut #lowfadeenv #messyfringe #mohawk #haircut #fyp,"#lowmullet, #lowtaper, #buzzcut, #lowfadeenv, #messyfringe, #mohawk, #haircut, #fyp",896K,0
men's hairstyles #haircut #mohawk #lowfade #lowtaper #burstfade #frenchcrop,"#haircut, #mohawk, #lowfade, #lowtaper, #burstfade, #frenchcrop",725K,0
"Bro got cheated on last night‼️😳 we had to bring his confidence back with this cut. No 16 guard❌ low taper fade, textured curly middle part flow with a modern mullet😮‍💨 Do you think his girl will regret it when she sees this⁉️ 📍Northampton- Bedford, 🔗 click the link in my bio to book with me! #northamptonbarber #bedfordbarber #miltonkeynesbarber #leicesterbarber #birminghambarber #londonbarber #glowup #transformation #hairtransformation #texture #fringe #fluffyhair #messyhair #lowtaperfade #curlyhair #perm #modernmullet #16guard","#northamptonbarber, #bedfordbarber, #miltonkeynesbarber, #leicesterbarber, #birminghambarber, #londonbarber, #glowup, #transformation, #hairtransformation, #texture, #fringe, #fluffyhair, #messyhair, #lowtaperfade, #curlyhair, #perm, #modernmullet, #16guard",525K,0
Haircut transformation #viralcontent #barbers #haircuttransformation #foryoupage❤️❤️ #viralvideos #fyp,"#viralcontent, #barbers, #haircuttransformation, #foryoupage, #viralvideos, #fyp",750K,0
LOWWW TAPER FADE 🫠💈 #foryourpage #fyp #hairtips #hairideas #viral #haircut #messy #boy #hairstyle #barber #buzzcut,"#foryourpage, #fyp, #hairtips, #hairideas, #viral, #haircut, #messy, #boy, #hairstyle, #barber, #buzzcut",486K,0
"Did bro get blessed😳. I didn’t see the potential of the 16 guard buzz cut till now!! 📍EVERETT - SEATTLE WA, 🔗 click the link in my bio to book with me! #everettbarber #seattlebarber #bellinghambarber #tacomabarber #lowtaperfade #transformation #blowouttaper #texture #fringe #foryoupage #fyp #haircut #menshair #mensgrooming #barbertransformation #16guard #buzz","#everettbarber, #seattlebarber, #bellinghambarber, #tacomabarber, #lowtaperfade, #transformation, #blowouttaper, #texture, #fringe, #foryoupage, #fyp, #haircut, #menshair, #mensgrooming, #barbertransformation, #16guard, #buzz",606K,0
men's hairstyle #haircut #lowfade #taperfade #highfade #buzzcut #mullet,"#haircut, #lowfade, #taperfade, #highfade, #buzzcut, #mullet",708K,0
"Bros mum gave him a bowl cut for his last trim‼️😳 so we had to save him, texutred fringe low taper fade😮‍💨 Do you think the cut was worth the journey⁉️ 📍Northampton- Bedford, 🔗 click the link in my bio to book with me! #northamptonbarber #bedfordbarber #miltonkeynesbarber #leicesterbarber #birminghambarber #londonbarber #glowup #transformation #hairtransformation #texture #fringe #texturedfringe #fluffyhair #messyhair #lowtaperfade","#northamptonbarber, #bedfordbarber, #miltonkeynesbarber, #leicesterbarber, #birminghambarber, #londonbarber, #glowup, #transformation, #hairtransformation, #texture, #fringe, #texturedfringe, #fluffyhair, #messyhair, #lowtaperfade",491K,0
#haircut #bairstyle #barbershop #lowfade #frenchcrop #dropfade #mullet #fyp #foryou #burstade,"#haircut, #bairstyle, #barbershop, #lowfade, #frenchcrop, #dropfade, #mullet, #fyp, #foryou, #burstade",563K,0
#14yearoldbarber #midtaper #fyp #viral #dentonbarber#arlingtonbarber #freestyledesignsbarber #midtaperdesgin #best14yrbarber,"#14yearoldbarber, #midtaper, #fyp, #viral, #dentonbarber, #arlingtonbarber, #freestyledesignsbarber, #midtaperdesgin, #best14yrbarber",321K,0
This is still a massively underrated haircut. #lowtaperfade #lowtaper #taper #taperfade #haircut #fyp #hairstyles,"#lowtaperfade, #lowtaper, #taper, #taperfade, #haircut, #fyp, #hairstyles",451K,0
Big chop😳 #sarnia #sarniabarbers #lifestyle #pov #buzzcut #midtaper #localbarber #cutzbykeegz,"#sarnia, #sarniabarbers, #lifestyle, #pov, #buzzcut, #midtaper, #localbarber, #cutzbykeegz",336K,0
They said he became the coolest kid in school😁😮‍💨 📍MONTREAL AREA📍LINK IN BIO TO BOOK💈 #montreal #montrealbarber #hairtransformation #fyp #explore #barber #curlyxkid #hairline #taper,"#montreal, #montrealbarber, #hairtransformation, #fyp, #explore, #barber, #curlyxkid, #hairline, #taper",271K,0
Yall already know where to find the best barbershop 🐐 📍143 Kerr St 📍3046 Preserve Dr 📍2534 Lakeshore Rd West #toptier #barbershop #oakville #oakvillebarbers #fade #haircuts #tapers #fyp,"#toptier, #barbershop, #oakville, #oakvillebarbers, #fade, #haircuts, #tapers, #fyp",366K,0
Chose to be a 💈 #barber #haircut #school #funny #taper #baddestbarber #leorahman,"#barber, #haircut, #school, #funny, #taper, #baddestbarber, #leorahman",247K,0
